"variable_id","membership.x","cluster","cluster_raw","SYMBOL","ENTREZID","GENENAME","ALIAS","GENETYPE","ACCNUM","UCSCKG","ENSEMBL","UNIPROT","mz","rt","na_freq","na_freq.1","polarity","column","mode","test_name","Decsription","Category","LipidClass","Lipid_Name","Lipid_Name_Tot","Lipid_Name_LION","Lipid_Class_Detailed","Lipid_Class","FA_1","FA_2","FA_All","Sat_status_FA1","Sat_status_FA2","Saturation_All","OddEven_FA1","OddEven_FA2","OddEven_All","Omega_FA1","Omega_FA2","Omega_All","HMDB_ID","KEGG_ID","LION_ID","cellular_component","Function","Total_Carb","Total_Unsat","Carbon_numb_FA1","Carbon_numb_FA2","CarbonFA_All","Unsat_numb_FA1","Unsat_numb_FA2","UnsatFA_All","PhysicoChemical","PathwaysKegg","membership.y","mol_name","Kingdom","Phylum","Class","Order","Family","Genus","Species","class","Compound.name","CAS.ID","HMDB.ID","KEGG.ID","Lab.ID","Adduct","mz.error","mz.match.score","RT.error","RT.match.score","CE","SS","Total.score","Database","Level"
"metabolomics_M114T158_POS_RPLC",0.999997851614743,4,4,NA,NA,NA,NA,NA,NA,NA,NA,NA,114.091325156706,157.792,0,0.277056277056277,"positive","RPLC","RPLC_positive",NA,NA,NA,NA,NA,NA,NA,NA,NA,NA,NA,NA,NA,NA,NA,NA,NA,NA,NA,NA,NA,NA,NA,NA,NA,NA,NA,NA,NA,NA,NA,NA,NA,NA,NA,NA,NA,"epsilon-Caprolactam",NA,NA,NA,NA,NA,NA,NA,"metabolomics","epsilon-Caprolactam","105-60-2","HMDB0062769","C06593","M1110","(M+H)+",0.236112975002811,0.99995540152497,NA,NA,"20",0.641692114540905,0.776040847159929,"METLIN_20220425",2
"metabolomics_M130T34_1_POS_RPLC",0.999999999999989,4,4,NA,NA,NA,NA,NA,NA,NA,NA,NA,130.049822959365,34.301,0,0,"positive","RPLC","RPLC_positive",NA,NA,NA,NA,NA,NA,NA,NA,NA,NA,NA,NA,NA,NA,NA,NA,NA,NA,NA,NA,NA,NA,NA,NA,NA,NA,NA,NA,NA,NA,NA,NA,NA,NA,NA,NA,NA,"5-oxo-l-proline",NA,NA,NA,NA,NA,NA,NA,"metabolomics","5-oxo-l-proline","98-79-3","HMDB0000267","C01879","RPLC_309","(M+H)+",0.175134277426992,0.999975462688941,2.542131,0.996416198301035,"NCE25",0.652565907231229,0.825380868863109,"Michael_Snyder_RPLC_20220424",1
"metabolomics_M162T34_POS_RPLC",0.999999896386546,4,4,NA,NA,NA,NA,NA,NA,NA,NA,NA,162.058312716112,33.653,0,0.00108225108225108,"positive","RPLC","RPLC_positive",NA,NA,NA,NA,NA,NA,NA,NA,NA,NA,NA,NA,NA,NA,NA,NA,NA,NA,NA,NA,NA,NA,NA,NA,NA,NA,NA,NA,NA,NA,NA,NA,NA,NA,NA,NA,NA,"S-allylcysteine",NA,NA,NA,NA,NA,NA,NA,"metabolomics","S-allylcysteine","21593-77-1","HMDB0034323","C16759","RPLC_730","(M+H)+",1.58438113750492,0.997993804235201,3.6748968,0.992525371418044,"NCE25",0.552760768313794,0.774010178070208,"Michael_Snyder_RPLC_20220424",1
"metabolomics_M167T469_POS_RPLC",0.987143059211285,4,4,NA,NA,NA,NA,NA,NA,NA,NA,NA,167.070197257708,469.3345,0,0,"positive","RPLC","RPLC_positive",NA,NA,NA,NA,NA,NA,NA,NA,NA,NA,NA,NA,NA,NA,NA,NA,NA,NA,NA,NA,NA,NA,NA,NA,NA,NA,NA,NA,NA,NA,NA,NA,NA,NA,NA,NA,NA,"3-(2-hydroxyphenyl)propanoate",NA,NA,NA,NA,NA,NA,NA,"metabolomics","3-(2-hydroxyphenyl)propanoate","495-78-3","HMDB0033752","C01198","RPLC_370","(M+H)+",0.540954589922649,0.999765921905866,15.3993239,0.876565378499003,"NCE25",0.518279697688242,0.728222673945338,"Michael_Snyder_RPLC_20220424",1
"metabolomics_M181T548_POS_RPLC",0.999984602025867,4,4,NA,NA,NA,NA,NA,NA,NA,NA,NA,181.049336908765,548.345,0,0,"positive","RPLC","RPLC_positive",NA,NA,NA,NA,NA,NA,NA,NA,NA,NA,NA,NA,NA,NA,NA,NA,NA,NA,NA,NA,NA,NA,NA,NA,NA,NA,NA,NA,NA,NA,NA,NA,NA,NA,NA,NA,NA,"3-(4-hydroxyphenyl)pyruvate",NA,NA,NA,NA,NA,NA,NA,"metabolomics","3-(4-hydroxyphenyl)pyruvate","156-39-8","HMDB0000707","C01179","RPLC_355","(M+H)+",0.303808592434507,0.999926162997416,11.2546970999999,0.93204775530922,"NCE25",0.831984965010386,0.898985962081852,"Michael_Snyder_RPLC_20220424",1
"metabolomics_M181T206_POS_RPLC",0.999999999882766,4,4,NA,NA,NA,NA,NA,NA,NA,NA,NA,181.071945447769,205.862,0,0.0108225108225108,"positive","RPLC","RPLC_positive",NA,NA,NA,NA,NA,NA,NA,NA,NA,NA,NA,NA,NA,NA,NA,NA,NA,NA,NA,NA,NA,NA,NA,NA,NA,NA,NA,NA,NA,NA,NA,NA,NA,NA,NA,NA,NA,"Theophylline",NA,NA,NA,NA,NA,NA,NA,"metabolomics","Theophylline","58-55-9","HMDB0001889","C07130","RPLC_443","(M+H)+",0.777101470035291,0.99951700732275,5.28154669999998,0.984622386470274,"NCE50",1,0.996034848448256,"Michael_Snyder_RPLC_20220424",1
"metabolomics_M190T286_POS_RPLC",0.885671172980821,4,4,NA,NA,NA,NA,NA,NA,NA,NA,NA,190.086370160261,285.751,0,0.00541125541125541,"positive","RPLC","RPLC_positive",NA,NA,NA,NA,NA,NA,NA,NA,NA,NA,NA,NA,NA,NA,NA,NA,NA,NA,NA,NA,NA,NA,NA,NA,NA,NA,NA,NA,NA,NA,NA,NA,NA,NA,NA,NA,NA,"Indole-3-propionic acid",NA,NA,NA,NA,NA,NA,NA,"metabolomics","Indole-3-propionic acid","830-96-6","HMDB0002302","C00460","RPLC_90","(M+H)+",0.352600097528466,0.999900543483106,3.47208330000001,0.993324954176693,"NCE50",0.845937074871293,0.921274911850596,"Michael_Snyder_RPLC_20220424",1
"metabolomics_M195T274_POS_RPLC",0.999851236371369,4,4,NA,NA,NA,NA,NA,NA,NA,NA,NA,195.087562775443,273.953,0,0.00108225108225108,"positive","RPLC","RPLC_positive",NA,NA,NA,NA,NA,NA,NA,NA,NA,NA,NA,NA,NA,NA,NA,NA,NA,NA,NA,NA,NA,NA,NA,NA,NA,NA,NA,NA,NA,NA,NA,NA,NA,NA,NA,NA,NA,"Caffeine",NA,NA,NA,NA,NA,NA,NA,"metabolomics","Caffeine","58-08-2","HMDB0001847","C07481","RPLC_439","(M+H)+",1.74994857751187,0.99755314242902,6.7506338,0.975000540404744,"NCE25",0.983491589298774,0.984884215357828,"Michael_Snyder_RPLC_20220424",1
"metabolomics_M197T274_POS_RPLC",0.999115107080504,4,4,NA,NA,NA,NA,NA,NA,NA,NA,NA,197.092675456008,273.861,0,0.0984848484848485,"positive","RPLC","RPLC_positive",NA,NA,NA,NA,NA,NA,NA,NA,NA,NA,NA,NA,NA,NA,NA,NA,NA,NA,NA,NA,NA,NA,NA,NA,NA,NA,NA,NA,NA,NA,NA,NA,NA,NA,NA,NA,NA,"m-chlorophenylpiperazine (m-CPP)",NA,NA,NA,NA,NA,NA,NA,"metabolomics","m-chlorophenylpiperazine (m-CPP)",NA,"HMDB0061008","C11738","HMDB0061008_4_shen","(M+H)+",19.3887080275346,0.740271995240922,NA,NA,"15",0.632445334794135,0.67288033246168,"HMDB_2022-04-11",2
"metabolomics_M199T177_POS_RPLC",0.999817546168325,4,4,NA,NA,NA,NA,NA,NA,NA,NA,NA,199.064320833326,177.1055,0,0.00216450216450216,"positive","RPLC","RPLC_positive",NA,NA,NA,NA,NA,NA,NA,NA,NA,NA,NA,NA,NA,NA,NA,NA,NA,NA,NA,NA,NA,NA,NA,NA,NA,NA,NA,NA,NA,NA,NA,NA,NA,NA,NA,NA,NA,"Methylparaben",NA,NA,NA,NA,NA,NA,NA,"metabolomics","Methylparaben","99-76-3","HMDB0032572",NA,"HMDB0032572_5_shen","(M+HCOO+2H)+",10.4241590474885,0.91674083121916,NA,NA,"20",0.752704177734697,0.814217922791371,"HMDB_2022-04-11",2
"metabolomics_M203T34_POS_RPLC",0.999999988004382,4,4,NA,NA,NA,NA,NA,NA,NA,NA,NA,203.052714259364,34.2809,0,0,"positive","RPLC","RPLC_positive",NA,NA,NA,NA,NA,NA,NA,NA,NA,NA,NA,NA,NA,NA,NA,NA,NA,NA,NA,NA,NA,NA,NA,NA,NA,NA,NA,NA,NA,NA,NA,NA,NA,NA,NA,NA,NA,"D-Psicose",NA,NA,NA,NA,NA,NA,NA,"metabolomics","D-Psicose","551-68-8","HMDB0250793","C06468","BML81265","(M+Na)+",0.167904600019142,0.999977446690564,NA,NA,"Unknown_1",1,0.999991542508961,"MassBank_2022-04-27",2
"metabolomics_M205T548_POS_RPLC",0.99587087048516,4,4,NA,NA,NA,NA,NA,NA,NA,NA,NA,205.086005820558,548.363,0,0,"positive","RPLC","RPLC_positive",NA,NA,NA,NA,NA,NA,NA,NA,NA,NA,NA,NA,NA,NA,NA,NA,NA,NA,NA,NA,NA,NA,NA,NA,NA,NA,NA,NA,NA,NA,NA,NA,NA,NA,NA,NA,NA,"Monoisobutyl phthalic acid",NA,NA,NA,NA,NA,NA,NA,"metabolomics","Monoisobutyl phthalic acid","30833-53-5","HMDB0002056",NA,"SM823305","(M+H-H2O)+",0.151195390003522,0.999981712130458,NA,NA,"35  (nominal)",0.837632190931077,0.898513261380845,"MassBank_2022-04-27",2
"metabolomics_M279T548_POS_RPLC",0.99997899932779,4,4,NA,NA,NA,NA,NA,NA,NA,NA,NA,279.159276031317,548.3225,0,0,"positive","RPLC","RPLC_positive",NA,NA,NA,NA,NA,NA,NA,NA,NA,NA,NA,NA,NA,NA,NA,NA,NA,NA,NA,NA,NA,NA,NA,NA,NA,NA,NA,NA,NA,NA,NA,NA,NA,NA,NA,NA,NA,"Dibutyl phthalate",NA,NA,NA,NA,NA,NA,NA,"metabolomics","Dibutyl phthalate","84-74-2","HMDB0033244","C14214","RP019902","(M+H)+",0.905206645001044,0.999344695549685,NA,NA,"20",0.876910780530758,0.922823498662856,"MassBank_2022-04-27",2
"metabolomics_M282T635_2_POS_RPLC",0.999999999945676,4,4,NA,NA,NA,NA,NA,NA,NA,NA,NA,282.278988717654,635.122,0,0,"positive","RPLC","RPLC_positive",NA,NA,NA,NA,NA,NA,NA,NA,NA,NA,NA,NA,NA,NA,NA,NA,NA,NA,NA,NA,NA,NA,NA,NA,NA,NA,NA,NA,NA,NA,NA,NA,NA,NA,NA,NA,NA,"Oleamide",NA,NA,NA,NA,NA,NA,NA,"metabolomics","Oleamide","301-02-0","HMDB0002117","C19670","RPLC_116","(M+H)+",1.11739745989325,0.999001637029557,7.50036,0.969230326711218,"NCE25",0.751968644547383,0.868042313208885,"Michael_Snyder_RPLC_20220424",1
"metabolomics_M283T651_POS_RPLC",1,4,4,NA,NA,NA,NA,NA,NA,NA,NA,NA,283.263043124296,651.38,0,0.00216450216450216,"positive","RPLC","RPLC_positive",NA,NA,NA,NA,NA,NA,NA,NA,NA,NA,NA,NA,NA,NA,NA,NA,NA,NA,NA,NA,NA,NA,NA,NA,NA,NA,NA,NA,NA,NA,NA,NA,NA,NA,NA,NA,NA,"trans-Vaccenic acid",NA,NA,NA,NA,NA,NA,NA,"metabolomics","trans-Vaccenic acid","693-72-1","HMDB0003231","C08367","L0393","(M+H)+",0.215001834931172,0.999963020052556,NA,NA,"20",0.585675387778514,0.74103324988128,"NIST_20220425",2
"metabolomics_M304T635_POS_RPLC",0.999999999999821,4,4,NA,NA,NA,NA,NA,NA,NA,NA,NA,304.260986548813,635.1625,0.00735294117647059,0.0454545454545455,"positive","RPLC","RPLC_positive",NA,NA,NA,NA,NA,NA,NA,NA,NA,NA,NA,NA,NA,NA,NA,NA,NA,NA,NA,NA,NA,NA,NA,NA,NA,NA,NA,NA,NA,NA,NA,NA,NA,NA,NA,NA,NA,"Fenpropimorph",NA,NA,NA,NA,NA,NA,NA,"metabolomics","Fenpropimorph","76492-90-5","HMDB0037270","C18787","EA014602","(M+H)+",5.12176053490521,0.979232727802659,NA,NA,"15 % (nominal)",1,0.992212272925997,"MassBank_2022-04-27",2
"metabolomics_M321T595_POS_RPLC",0.999999907147711,4,4,NA,NA,NA,NA,NA,NA,NA,NA,NA,321.239934197644,595.295,0.0220588235294118,0.0800865800865801,"positive","RPLC","RPLC_positive",NA,NA,NA,NA,NA,NA,NA,NA,NA,NA,NA,NA,NA,NA,NA,NA,NA,NA,NA,NA,NA,NA,NA,NA,NA,NA,NA,NA,NA,NA,NA,NA,NA,NA,NA,NA,NA,"C20:4,oh fa",NA,NA,NA,NA,NA,NA,NA,"metabolomics","C20:4,oh fa",NA,"HMDB0010222",NA,"RPLC_560","(M+H)+",6.63784841748338,0.965365179098858,14.5293,0.889337844545677,"NCE25",0.736603472626212,0.83197749222424,"Michael_Snyder_RPLC_20220424",1
"metabolomics_M327T648_2_POS_RPLC",0.999998519285256,4,4,NA,NA,NA,NA,NA,NA,NA,NA,NA,327.22615151093,648.028,0,0.00324675324675325,"positive","RPLC","RPLC_positive",NA,NA,NA,NA,NA,NA,NA,NA,NA,NA,NA,NA,NA,NA,NA,NA,NA,NA,NA,NA,NA,NA,NA,NA,NA,NA,NA,NA,NA,NA,NA,NA,NA,NA,NA,NA,NA,"Arachidonic acid",NA,NA,NA,NA,NA,NA,NA,"metabolomics","Arachidonic acid","506-32-1","HMDB0001043","C00219","BML80765","(M+Na)+",6.11122402247588,0.970564277499904,NA,NA,"Unknown_1",0.653326830372005,0.772290873044967,"MassBank_2022-04-27",2
"metabolomics_M338T707_POS_RPLC",0.999995386266952,4,4,NA,NA,NA,NA,NA,NA,NA,NA,NA,338.341660920817,707.239,0,0,"positive","RPLC","RPLC_positive",NA,NA,NA,NA,NA,NA,NA,NA,NA,NA,NA,NA,NA,NA,NA,NA,NA,NA,NA,NA,NA,NA,NA,NA,NA,NA,NA,NA,NA,NA,NA,NA,NA,NA,NA,NA,NA,"Erucamide",NA,NA,NA,NA,NA,NA,NA,"metabolomics","Erucamide","112-84-5","HMDB0244507","C05926","L0202","(M+H)+",2.16240589494987,0.996266188670102,NA,NA,"25",0.818877819975685,0.885398458236091,"NIST_20220425",2
"metabolomics_M342T433_POS_RPLC",0.571276856299034,4,4,NA,NA,NA,NA,NA,NA,NA,NA,NA,342.263888491924,433.081,0.0147058823529412,0.0573593073593074,"positive","RPLC","RPLC_positive",NA,NA,NA,NA,NA,NA,NA,NA,NA,NA,NA,NA,NA,NA,NA,NA,NA,NA,NA,NA,NA,NA,NA,NA,NA,NA,NA,NA,NA,NA,NA,NA,NA,NA,NA,NA,NA,"C12:1 ac",NA,NA,NA,NA,NA,NA,NA,"metabolomics","C12:1 ac",NA,"HMDB0013326",NA,"RPLC_391","(M+H)+",1.70284643502328,0.997682939752883,0.453373699999986,0.999885813346541,"NCE25",0.822661755125083,0.910723065837397,"Michael_Snyder_RPLC_20220424",1
"metabolomics_M391T671_POS_RPLC",0.998518626906845,4,4,NA,NA,NA,NA,NA,NA,NA,NA,NA,391.284235133994,671.038,0,0,"positive","RPLC","RPLC_positive",NA,NA,NA,NA,NA,NA,NA,NA,NA,NA,NA,NA,NA,NA,NA,NA,NA,NA,NA,NA,NA,NA,NA,NA,NA,NA,NA,NA,NA,NA,NA,NA,NA,NA,NA,NA,NA,"Bis(2-ethylhexyl)phthalate",NA,NA,NA,NA,NA,NA,NA,"metabolomics","Bis(2-ethylhexyl)phthalate","117-81-7","HMDB0249243","C03690","RPLC_324","(M+H)+",0.284570312487631,0.999935217888252,24.8515200000001,0.709560137394526,"NCE25",0.791525353967543,0.823136515804466,"Michael_Snyder_RPLC_20220424",1
"metabolomics_M787T628_POS_RPLC",0.999999999623982,4,4,NA,NA,NA,NA,NA,NA,NA,NA,NA,786.600136565134,627.858,0.117647058823529,0.122294372294372,"positive","RPLC","RPLC_positive",NA,NA,NA,NA,NA,NA,NA,NA,NA,NA,NA,NA,NA,NA,NA,NA,NA,NA,NA,NA,NA,NA,NA,NA,NA,NA,NA,NA,NA,NA,NA,NA,NA,NA,NA,NA,NA,"PC(18:1(9Z)/18:1(9Z))",NA,NA,NA,NA,NA,NA,NA,"metabolomics","PC(18:1(9Z)/18:1(9Z))","68737-67-7","HMDB0000593",NA,"n02736","(M+H)+",0.626197873797059,0.999686350176675,NA,NA,"45",0.969257265830135,0.980668172460088,"NIST_20220425",2
"metabolomics_M136T230_NEG_RPLC",0.999999601600344,4,4,NA,NA,NA,NA,NA,NA,NA,NA,NA,136.040320075572,230.081581115723,0.110294117647059,0.405844155844156,"negative","RPLC","RPLC_negative",NA,NA,NA,NA,NA,NA,NA,NA,NA,NA,NA,NA,NA,NA,NA,NA,NA,NA,NA,NA,NA,NA,NA,NA,NA,NA,NA,NA,NA,NA,NA,NA,NA,NA,NA,NA,NA,"Salicylamide",NA,NA,NA,NA,NA,NA,NA,"metabolomics","Salicylamide","65-45-2","HMDB0015687",NA,"HMDB0015687_31_shen","(M-H)-",0.352615604981565,0.999900534735096,NA,NA,"35",0.507739204171635,0.692299703132933,"HMDB_2022-04-11",2
"metabolomics_M137T209_2_NEG_RPLC",0.999999999999982,4,4,NA,NA,NA,NA,NA,NA,NA,NA,NA,137.110131126421,209.212493896484,0.0808823529411765,0.0898268398268398,"negative","RPLC","RPLC_negative",NA,NA,NA,NA,NA,NA,NA,NA,NA,NA,NA,NA,NA,NA,NA,NA,NA,NA,NA,NA,NA,NA,NA,NA,NA,NA,NA,NA,NA,NA,NA,NA,NA,NA,NA,NA,NA,"4-Hydroxybenzoic acid",NA,NA,NA,NA,NA,NA,NA,"metabolomics","4-Hydroxybenzoic acid","99-96-7","HMDB0000500","C00156","PT203210","(M-H)-",11.9392089850834,0.892226041321551,NA,NA,"Ramp 5-45 V",0.63473136626486,0.731291869411119,"MassBank_2022-04-27",2
"metabolomics_M144T285_1_NEG_RPLC",0.670637914447106,4,4,NA,NA,NA,NA,NA,NA,NA,NA,NA,144.045342164582,284.812957763672,0.169117647058824,0.478354978354978,"negative","RPLC","RPLC_negative",NA,NA,NA,NA,NA,NA,NA,NA,NA,NA,NA,NA,NA,NA,NA,NA,NA,NA,NA,NA,NA,NA,NA,NA,NA,NA,NA,NA,NA,NA,NA,NA,NA,NA,NA,NA,NA,"4-Hydroxyquinoline",NA,NA,NA,NA,NA,NA,NA,"metabolomics","4-Hydroxyquinoline",NA,"HMDB0246466","C06343","HMDB0246466_9_shen","(M-H)-",0.489966209968884,0.999807964931566,NA,NA,"10",0.84854912075367,0.905271187320381,"HMDB_2022-04-11",2
"metabolomics_M145T53_NEG_RPLC",0.892926269959197,4,4,NA,NA,NA,NA,NA,NA,NA,NA,NA,145.050507973273,52.9776248931885,0.117647058823529,0.0422077922077922,"negative","RPLC","RPLC_negative",NA,NA,NA,NA,NA,NA,NA,NA,NA,NA,NA,NA,NA,NA,NA,NA,NA,NA,NA,NA,NA,NA,NA,NA,NA,NA,NA,NA,NA,NA,NA,NA,NA,NA,NA,NA,NA,"Adipic acid",NA,NA,NA,NA,NA,NA,NA,"metabolomics","Adipic acid","124-04-9","HMDB0000448","C06104","HMDB0000448_18_shen","(M-H)-",0.723142680030264,0.99958173922689,NA,NA,"10",0.670036731161602,0.793616109186085,"HMDB_2022-04-11",2
"metabolomics_M151T46_NEG_RPLC",0.999999999645499,4,4,NA,NA,NA,NA,NA,NA,NA,NA,NA,151.026081145944,45.5998554229736,0.0220588235294118,0.00108225108225108,"negative","RPLC","RPLC_negative",NA,NA,NA,NA,NA,NA,NA,NA,NA,NA,NA,NA,NA,NA,NA,NA,NA,NA,NA,NA,NA,NA,NA,NA,NA,NA,NA,NA,NA,NA,NA,NA,NA,NA,NA,NA,NA,"Xanthine",NA,NA,NA,NA,NA,NA,NA,"metabolomics","Xanthine","69-89-6","HMDB0000292","C00385","RPLC_156","(M-H)-",0.541440429984164,0.99976550130774,2.6094762,0.996224165326219,"NCE25",0.63295706512192,0.81547594921945,"Michael_Snyder_RPLC_20220424",1
"metabolomics_M157T472_NEG_RPLC",0.99981554671255,4,4,NA,NA,NA,NA,NA,NA,NA,NA,NA,157.123224031612,472.471527099609,0.139705882352941,0.0909090909090909,"negative","RPLC","RPLC_negative",NA,NA,NA,NA,NA,NA,NA,NA,NA,NA,NA,NA,NA,NA,NA,NA,NA,NA,NA,NA,NA,NA,NA,NA,NA,NA,NA,NA,NA,NA,NA,NA,NA,NA,NA,NA,NA,"Pelargonic acid",NA,NA,NA,NA,NA,NA,NA,"metabolomics","Pelargonic acid","112-05-0","HMDB0000847","C01601","RP023911","(M-H)-",0.185302735005166,0.999972530694408,NA,NA,"10",0.742967919764258,0.839344648863064,"MassBank_2022-04-27",2
"metabolomics_M159T367_NEG_RPLC",1,4,4,NA,NA,NA,NA,NA,NA,NA,NA,NA,159.102554275882,367.485809326172,0.0735294117647059,0.46969696969697,"negative","RPLC","RPLC_negative",NA,NA,NA,NA,NA,NA,NA,NA,NA,NA,NA,NA,NA,NA,NA,NA,NA,NA,NA,NA,NA,NA,NA,NA,NA,NA,NA,NA,NA,NA,NA,NA,NA,NA,NA,NA,NA,"Hydroxyoctanoic acid",NA,NA,NA,NA,NA,NA,NA,"metabolomics","Hydroxyoctanoic acid","617-73-2","HMDB0000711",NA,"HMDB0000711_2_shen","(M-H)-",0.461503729951573,0.999829625961098,NA,NA,"10",0.729281057715042,0.830736770807313,"HMDB_2022-04-11",2
"metabolomics_M173T53_NEG_RPLC",0.999999738098162,4,4,NA,NA,NA,NA,NA,NA,NA,NA,NA,172.991364441948,53.1767578125,0.0147058823529412,0.00108225108225108,"negative","RPLC","RPLC_negative",NA,NA,NA,NA,NA,NA,NA,NA,NA,NA,NA,NA,NA,NA,NA,NA,NA,NA,NA,NA,NA,NA,NA,NA,NA,NA,NA,NA,NA,NA,NA,NA,NA,NA,NA,NA,NA,"Phenol sulphate",NA,NA,NA,NA,NA,NA,NA,"metabolomics","Phenol sulphate","937-34-8","HMDB0060015","C00850","RPLC_592","(M-H)-",2.00922861502306,0.996775609845415,7.40441299,0.97000066916335,"NCE25",0.898600982768922,0.940994561136652,"Michael_Snyder_RPLC_20220424",1
"metabolomics_M187T622_NEG_RPLC",0.959649707388763,4,4,NA,NA,NA,NA,NA,NA,NA,NA,NA,187.097403963112,622.126953125,0,0.00216450216450216,"negative","RPLC","RPLC_negative",NA,NA,NA,NA,NA,NA,NA,NA,NA,NA,NA,NA,NA,NA,NA,NA,NA,NA,NA,NA,NA,NA,NA,NA,NA,NA,NA,NA,NA,NA,NA,NA,NA,NA,NA,NA,NA,"Azelaic acid",NA,NA,NA,NA,NA,NA,NA,"metabolomics","Azelaic acid","123-99-9","HMDB0000784","C08261","HMDB0000784_5_shen","(M-H)-",0.548300782483579,0.999759521921032,NA,NA,"6",0.834865954555687,0.896701042317691,"HMDB_2022-04-11",2
"metabolomics_M193T326_NEG_RPLC",1,4,4,NA,NA,NA,NA,NA,NA,NA,NA,NA,193.086851730316,326.03759765625,0.0294117647058824,0.245670995670996,"negative","RPLC","RPLC_negative",NA,NA,NA,NA,NA,NA,NA,NA,NA,NA,NA,NA,NA,NA,NA,NA,NA,NA,NA,NA,NA,NA,NA,NA,NA,NA,NA,NA,NA,NA,NA,NA,NA,NA,NA,NA,NA,"Butylparaben",NA,NA,NA,NA,NA,NA,NA,"metabolomics","Butylparaben","94-26-8","HMDB0032575","C04583","UF423451","(M-H)-",0.299642489949292,0.999928174082178,NA,NA,"55 (nominal)",0.66646617770515,0.791514426346536,"MassBank_2022-04-27",2
"metabolomics_M195T265_NEG_RPLC",0.995040191563669,4,4,NA,NA,NA,NA,NA,NA,NA,NA,NA,195.066146486619,264.793273925781,0.0588235294117647,0.477272727272727,"negative","RPLC","RPLC_negative",NA,NA,NA,NA,NA,NA,NA,NA,NA,NA,NA,NA,NA,NA,NA,NA,NA,NA,NA,NA,NA,NA,NA,NA,NA,NA,NA,NA,NA,NA,NA,NA,NA,NA,NA,NA,NA,"2,4,5-Trimethoxybenzaldehyde",NA,NA,NA,NA,NA,NA,NA,"metabolomics","2,4,5-Trimethoxybenzaldehyde","4460-86-0","HMDB0029648",NA,"HMDB0029648_14_shen","(M-H)-",0.594451514928096,0.999717341872458,NA,NA,"30",0.56964256687476,0.730920607498897,"HMDB_2022-04-11",2
"metabolomics_M199T333_NEG_RPLC",0.977235801397338,4,4,NA,NA,NA,NA,NA,NA,NA,NA,NA,199.097526904827,333.086776733398,0,0.0367965367965368,"negative","RPLC","RPLC_negative",NA,NA,NA,NA,NA,NA,NA,NA,NA,NA,NA,NA,NA,NA,NA,NA,NA,NA,NA,NA,NA,NA,NA,NA,NA,NA,NA,NA,NA,NA,NA,NA,NA,NA,NA,NA,NA,"C10:1,dc fa",NA,NA,NA,NA,NA,NA,NA,"metabolomics","C10:1,dc fa","72879-22-2","HMDB0000603",NA,"RPLC_478","(M-H)-",1.52159036503008,0.998149524453817,4.0396604,0.990974941354881,"NCE25",1,0.997281116452174,"Michael_Snyder_RPLC_20220424",1
"metabolomics_M203T103_NEG_RPLC",0.997948908900844,4,4,NA,NA,NA,NA,NA,NA,NA,NA,NA,203.002133634874,102.889030456543,0,0.0216450216450216,"negative","RPLC","RPLC_negative",NA,NA,NA,NA,NA,NA,NA,NA,NA,NA,NA,NA,NA,NA,NA,NA,NA,NA,NA,NA,NA,NA,NA,NA,NA,NA,NA,NA,NA,NA,NA,NA,NA,NA,NA,NA,NA,"4-methylcatechol sulfate",NA,NA,NA,NA,NA,NA,NA,"metabolomics","4-methylcatechol sulfate","2349374-79-2","HMDB0240459",NA,"RPLC_650","(M-H)-",1.4372305325594,0.998348859352086,9.92508119999999,0.946744290659131,"NCE25",0.855742404940118,0.914144489972863,"Michael_Snyder_RPLC_20220424",1
"metabolomics_M205T486_NEG_RPLC",0.999999873364555,4,4,NA,NA,NA,NA,NA,NA,NA,NA,NA,205.123316771003,485.886322021484,0,0.262987012987013,"negative","RPLC","RPLC_negative",NA,NA,NA,NA,NA,NA,NA,NA,NA,NA,NA,NA,NA,NA,NA,NA,NA,NA,NA,NA,NA,NA,NA,NA,NA,NA,NA,NA,NA,NA,NA,NA,NA,NA,NA,NA,NA,"Ibuprofen",NA,NA,NA,NA,NA,NA,NA,"metabolomics","Ibuprofen","15687-27-1","HMDB0001925","C01588","AU234557","(M-H)-",0.747770732516528,0.999552771181909,NA,NA,"10 eV",0.589604074387406,0.743334835685344,"MassBank_2022-04-27",2
"metabolomics_M209T214_NEG_RPLC",0.99999727686989,4,4,NA,NA,NA,NA,NA,NA,NA,NA,NA,209.067876297613,214.145797729492,0.0735294117647059,0.100649350649351,"negative","RPLC","RPLC_negative",NA,NA,NA,NA,NA,NA,NA,NA,NA,NA,NA,NA,NA,NA,NA,NA,NA,NA,NA,NA,NA,NA,NA,NA,NA,NA,NA,NA,NA,NA,NA,NA,NA,NA,NA,NA,NA,"1,3,7-Trimethyluric acid",NA,NA,NA,NA,NA,NA,NA,"metabolomics","1,3,7-Trimethyluric acid","5415-44-1","HMDB0002123","C16361","HMDB0002123_4_shen","(M-H)-",0.770334609967449,0.999525380338511,NA,NA,"10",0.6512472207247,0.781851530579879,"HMDB_2022-04-11",2
"metabolomics_M215T426_NEG_RPLC",0.999976542496304,4,4,NA,NA,NA,NA,NA,NA,NA,NA,NA,215.128701049476,425.563018798828,0,0.00216450216450216,"negative","RPLC","RPLC_negative",NA,NA,NA,NA,NA,NA,NA,NA,NA,NA,NA,NA,NA,NA,NA,NA,NA,NA,NA,NA,NA,NA,NA,NA,NA,NA,NA,NA,NA,NA,NA,NA,NA,NA,NA,NA,NA,"Undecanedioic acid",NA,NA,NA,NA,NA,NA,NA,"metabolomics","Undecanedioic acid","1852-04-6","HMDB0000888",NA,"LU047651","(M-H)-",1.23632812496055,0.998777941536299,NA,NA,"15",0.632949212766181,0.770134986054976,"MassBank_2022-04-27",2
"metabolomics_M225T585_NEG_RPLC",0.941277743053949,4,4,NA,NA,NA,NA,NA,NA,NA,NA,NA,225.186028230342,585.238220214844,0,0,"negative","RPLC","RPLC_negative",NA,NA,NA,NA,NA,NA,NA,NA,NA,NA,NA,NA,NA,NA,NA,NA,NA,NA,NA,NA,NA,NA,NA,NA,NA,NA,NA,NA,NA,NA,NA,NA,NA,NA,NA,NA,NA,"C14:1 fa",NA,NA,NA,NA,NA,NA,NA,"metabolomics","C14:1 fa","544-64-9","HMDB0002000","C08322","RPLC_509","(M-H)-",1.83496093754343,0.997309959347292,2.98914600000001,0.995048414269876,"NCE25",0.889761034176368,0.942970110492476,"Michael_Snyder_RPLC_20220424",1
"metabolomics_M227T436_NEG_RPLC",0.999999999068187,4,4,NA,NA,NA,NA,NA,NA,NA,NA,NA,227.128852662629,435.804748535156,0,0.00108225108225108,"negative","RPLC","RPLC_negative",NA,NA,NA,NA,NA,NA,NA,NA,NA,NA,NA,NA,NA,NA,NA,NA,NA,NA,NA,NA,NA,NA,NA,NA,NA,NA,NA,NA,NA,NA,NA,NA,NA,NA,NA,NA,NA,"C12:1,dc fa",NA,NA,NA,NA,NA,NA,NA,"metabolomics","C12:1,dc fa","6402-36-4","HMDB0000933","C16308","RPLC_500","(M-H)-",0.228759765050768,0.999958136052235,2.89955070000002,0.995340116514478,"NCE25",0.841804095018617,0.919726610650987,"Michael_Snyder_RPLC_20220424",1
"metabolomics_M227T611_2_NEG_RPLC",0.999999998529495,4,4,NA,NA,NA,NA,NA,NA,NA,NA,NA,227.201650628623,610.525421142578,0,0,"negative","RPLC","RPLC_negative",NA,NA,NA,NA,NA,NA,NA,NA,NA,NA,NA,NA,NA,NA,NA,NA,NA,NA,NA,NA,NA,NA,NA,NA,NA,NA,NA,NA,NA,NA,NA,NA,NA,NA,NA,NA,NA,"C14:0 fa",NA,NA,NA,NA,NA,NA,NA,"metabolomics","C14:0 fa","544-63-8","HMDB0000806","C06424","RPLC_504","(M-H)-",0.41560465007251,0.999861827766533,23.14656,0.742563979491635,"NCE25",0.814525625322894,0.842869264475989,"Michael_Snyder_RPLC_20220424",1
"metabolomics_M229T464_NEG_RPLC",0.999985282806483,4,4,NA,NA,NA,NA,NA,NA,NA,NA,NA,229.144455570521,464.183944702148,0,0.00108225108225108,"negative","RPLC","RPLC_negative",NA,NA,NA,NA,NA,NA,NA,NA,NA,NA,NA,NA,NA,NA,NA,NA,NA,NA,NA,NA,NA,NA,NA,NA,NA,NA,NA,NA,NA,NA,NA,NA,NA,NA,NA,NA,NA,"C12:0,dc fa",NA,NA,NA,NA,NA,NA,NA,"metabolomics","C12:0,dc fa","693-23-2","HMDB0000623","C02678","RPLC_491","(M-H)-",1.15808105498161,0.998927653990427,0.390603599999963,0.99991524182977,"NCE25",1,0.999710723955049,"Michael_Snyder_RPLC_20220424",1
"metabolomics_M231T244_NEG_RPLC",0.999353545131189,4,4,NA,NA,NA,NA,NA,NA,NA,NA,NA,230.996815876713,243.6943359375,0.0220588235294118,0.0248917748917749,"negative","RPLC","RPLC_negative",NA,NA,NA,NA,NA,NA,NA,NA,NA,NA,NA,NA,NA,NA,NA,NA,NA,NA,NA,NA,NA,NA,NA,NA,NA,NA,NA,NA,NA,NA,NA,NA,NA,NA,NA,NA,NA,"Methyl-4-hydroxybenzoate sulfate",NA,NA,NA,NA,NA,NA,NA,"metabolomics","Methyl-4-hydroxybenzoate sulfate","1679347-90-0","HMDB0168668",NA,"RPLC_653","(M-H)-",0.903747557572387,0.999346805706082,6.3415674,0.977905800869095,"NCE50",1,0.994313151643794,"Michael_Snyder_RPLC_20220424",1
"metabolomics_M243T497_NEG_RPLC",0.996950079091065,4,4,NA,NA,NA,NA,NA,NA,NA,NA,NA,243.160028846735,496.746566772461,0,0.00432900432900433,"negative","RPLC","RPLC_negative",NA,NA,NA,NA,NA,NA,NA,NA,NA,NA,NA,NA,NA,NA,NA,NA,NA,NA,NA,NA,NA,NA,NA,NA,NA,NA,NA,NA,NA,NA,NA,NA,NA,NA,NA,NA,NA,"C13:0,dc fa",NA,NA,NA,NA,NA,NA,NA,"metabolomics","C13:0,dc fa","505-52-2","HMDB0002327","C08259","RPLC_484","(M-H)-",0.564196880006307,0.999745377926177,12.2630387,0.919849121094437,"NCE25",0.742919119857478,0.851358184683892,"Michael_Snyder_RPLC_20220424",1
"metabolomics_M249T585_NEG_RPLC",0.866657062448007,4,4,NA,NA,NA,NA,NA,NA,NA,NA,NA,249.185944411584,585.092132568359,0,0.00216450216450216,"negative","RPLC","RPLC_negative",NA,NA,NA,NA,NA,NA,NA,NA,NA,NA,NA,NA,NA,NA,NA,NA,NA,NA,NA,NA,NA,NA,NA,NA,NA,NA,NA,NA,NA,NA,NA,NA,NA,NA,NA,NA,NA,"C16:3 fa",NA,NA,NA,NA,NA,NA,NA,"metabolomics","C16:3 fa",NA,"HMDB0302991",NA,"RPLC_528","(M-H)-",1.9394260025507,0.996995424223969,6.153594,0.979182669339624,"NCE25",1,0.994044523390898,"Michael_Snyder_RPLC_20220424",1
"metabolomics_M253T619_1_NEG_RPLC",1,4,4,NA,NA,NA,NA,NA,NA,NA,NA,NA,253.217109972728,619.231567382812,0,0,"negative","RPLC","RPLC_negative",NA,NA,NA,NA,NA,NA,NA,NA,NA,NA,NA,NA,NA,NA,NA,NA,NA,NA,NA,NA,NA,NA,NA,NA,NA,NA,NA,NA,NA,NA,NA,NA,NA,NA,NA,NA,NA,"C16:1 fa",NA,NA,NA,NA,NA,NA,NA,"metabolomics","C16:1 fa","373-49-9","HMDB0003229","C08362","RPLC_523","(M-H)-",1.31006164750147,0.998627932929709,13.76322,0.900111358596573,"NCE25",1,0.974684822881571,"Michael_Snyder_RPLC_20220424",1
"metabolomics_M255T643_1_NEG_RPLC",1,4,4,NA,NA,NA,NA,NA,NA,NA,NA,NA,255.232755454548,642.764526367188,0,0,"negative","RPLC","RPLC_negative",NA,NA,NA,NA,NA,NA,NA,NA,NA,NA,NA,NA,NA,NA,NA,NA,NA,NA,NA,NA,NA,NA,NA,NA,NA,NA,NA,NA,NA,NA,NA,NA,NA,NA,NA,NA,NA,"C16:0 fa",NA,NA,NA,NA,NA,NA,NA,"metabolomics","C16:0 fa","57-10-3","HMDB0000220","C00249","RPLC_799","(M-H)-",1.46209682007736,0.998291279838403,12.6549,0.914872768266478,"NCE25",0.848924232406582,0.902753128229511,"Michael_Snyder_RPLC_20220424",1
"metabolomics_M257T508_NEG_RPLC",0.975870910715367,4,4,NA,NA,NA,NA,NA,NA,NA,NA,NA,257.175943016354,508.023101806641,0,0.0183982683982684,"negative","RPLC","RPLC_negative",NA,NA,NA,NA,NA,NA,NA,NA,NA,NA,NA,NA,NA,NA,NA,NA,NA,NA,NA,NA,NA,NA,NA,NA,NA,NA,NA,NA,NA,NA,NA,NA,NA,NA,NA,NA,NA,"C14:0,dc fa",NA,NA,NA,NA,NA,NA,NA,"metabolomics","C14:0,dc fa","821-38-5","HMDB0000872","C11002","RPLC_505","(M-H)-",3.26117425004213,0.991527886360363,4.8024178,0.987268837536029,"NCE25",0.922736239383885,0.956067300666041,"Michael_Snyder_RPLC_20220424",1
"metabolomics_M263T462_NEG_RPLC",0.999982729890835,4,4,NA,NA,NA,NA,NA,NA,NA,NA,NA,263.12683762037,461.919189453125,0,0.00757575757575758,"negative","RPLC","RPLC_negative",NA,NA,NA,NA,NA,NA,NA,NA,NA,NA,NA,NA,NA,NA,NA,NA,NA,NA,NA,NA,NA,NA,NA,NA,NA,NA,NA,NA,NA,NA,NA,NA,NA,NA,NA,NA,NA,"(-)-Abscisic acid",NA,NA,NA,NA,NA,NA,NA,"metabolomics","(-)-Abscisic acid",NA,"HMDB0243505","C11060","BML80671","(M-H)-",4.01087636504371,0.987212757133439,NA,NA,"Unknown_1",0.671253803214463,0.789738410934079,"MassBank_2022-04-27",2
"metabolomics_M263T421_NEG_RPLC",0.998852811298093,4,4,NA,NA,NA,NA,NA,NA,NA,NA,NA,263.128674604611,421.297180175781,0.0294117647058824,0.16991341991342,"negative","RPLC","RPLC_negative",NA,NA,NA,NA,NA,NA,NA,NA,NA,NA,NA,NA,NA,NA,NA,NA,NA,NA,NA,NA,NA,NA,NA,NA,NA,NA,NA,NA,NA,NA,NA,NA,NA,NA,NA,NA,NA,"Gamma-cehc",NA,NA,NA,NA,NA,NA,NA,"metabolomics","Gamma-cehc","178167-75-4","HMDB0001931",NA,"RPLC_596","(M-H)-",0.673087342590861,0.999637628415843,20.3450765,0.794567972214208,"NCE25",0.701151298639204,0.799127049477115,"Michael_Snyder_RPLC_20220424",1
"metabolomics_M269T658_NEG_RPLC",0.999999999999997,4,4,NA,NA,NA,NA,NA,NA,NA,NA,NA,269.248679957913,657.595520019531,0,0,"negative","RPLC","RPLC_negative",NA,NA,NA,NA,NA,NA,NA,NA,NA,NA,NA,NA,NA,NA,NA,NA,NA,NA,NA,NA,NA,NA,NA,NA,NA,NA,NA,NA,NA,NA,NA,NA,NA,NA,NA,NA,NA,"C17:0 fa",NA,NA,NA,NA,NA,NA,NA,"metabolomics","C17:0 fa","506-12-7","HMDB0002259","C08266","RPLC_530","(M-H)-",1.89611599012096,0.997127927635539,0.358979999999974,0.999928409984687,"NCE25",1,0.999264084405057,"Michael_Snyder_RPLC_20220424",1
"metabolomics_M271T573_NEG_RPLC",0.774343625625278,4,4,NA,NA,NA,NA,NA,NA,NA,NA,NA,271.227898979034,573.407836914062,0,0.0173160173160173,"negative","RPLC","RPLC_negative",NA,NA,NA,NA,NA,NA,NA,NA,NA,NA,NA,NA,NA,NA,NA,NA,NA,NA,NA,NA,NA,NA,NA,NA,NA,NA,NA,NA,NA,NA,NA,NA,NA,NA,NA,NA,NA,"C16:0,oh fa",NA,NA,NA,NA,NA,NA,NA,"metabolomics","C16:0,oh fa","16452-52-1","HMDB0031057",NA,"RPLC_522","(M-H)-",2.15641072259132,0.996286825183011,1.08495600000003,0.999346252940269,"NCE25",1,0.99890826953082,"Michael_Snyder_RPLC_20220424",1
"metabolomics_M279T631_2_NEG_RPLC",0.999968137143291,4,4,NA,NA,NA,NA,NA,NA,NA,NA,NA,279.232659283697,630.762817382812,0,0,"negative","RPLC","RPLC_negative",NA,NA,NA,NA,NA,NA,NA,NA,NA,NA,NA,NA,NA,NA,NA,NA,NA,NA,NA,NA,NA,NA,NA,NA,NA,NA,NA,NA,NA,NA,NA,NA,NA,NA,NA,NA,NA,"Linoleic acid",NA,NA,NA,NA,NA,NA,NA,"metabolomics","Linoleic acid","60-33-3","HMDB0000673","C01595","BS001068","(M-H)-",0.769801182514129,0.999526037267359,NA,NA,"30 eV",0.964949395523342,0.977915636177348,"MassBank_2022-04-27",2
"metabolomics_M281T648_NEG_RPLC",1,4,4,NA,NA,NA,NA,NA,NA,NA,NA,NA,281.248305559087,648.460144042969,0,0,"negative","RPLC","RPLC_negative",NA,NA,NA,NA,NA,NA,NA,NA,NA,NA,NA,NA,NA,NA,NA,NA,NA,NA,NA,NA,NA,NA,NA,NA,NA,NA,NA,NA,NA,NA,NA,NA,NA,NA,NA,NA,NA,"Oleic acid",NA,NA,NA,NA,NA,NA,NA,"metabolomics","Oleic acid","112-80-1","HMDB0000207","C00712","L0123","(M-H)-",0.75321840995457,0.999546232605104,NA,NA,"30",1,0.999829837226914,"NIST_20220425",2
"metabolomics_M283T676_2_NEG_RPLC",1,4,4,NA,NA,NA,NA,NA,NA,NA,NA,NA,283.264087027517,675.851104736328,0,0,"negative","RPLC","RPLC_negative",NA,NA,NA,NA,NA,NA,NA,NA,NA,NA,NA,NA,NA,NA,NA,NA,NA,NA,NA,NA,NA,NA,NA,NA,NA,NA,NA,NA,NA,NA,NA,NA,NA,NA,NA,NA,NA,"Stearic acid",NA,NA,NA,NA,NA,NA,NA,"metabolomics","Stearic acid","57-11-4","HMDB0000827","C01530","RPLC_359","(M-H)-",0.290723017570826,0.999932386387547,21.40716,0.7752323410989,"NCE25",0.84219653563529,0.864889449689257,"Michael_Snyder_RPLC_20220424",1
"metabolomics_M295T600_NEG_RPLC",0.91401717345854,4,4,NA,NA,NA,NA,NA,NA,NA,NA,NA,295.227734381753,599.757997802734,0,0,"negative","RPLC","RPLC_negative",NA,NA,NA,NA,NA,NA,NA,NA,NA,NA,NA,NA,NA,NA,NA,NA,NA,NA,NA,NA,NA,NA,NA,NA,NA,NA,NA,NA,NA,NA,NA,NA,NA,NA,NA,NA,NA,"C18:2,oh fa",NA,NA,NA,NA,NA,NA,NA,"metabolomics","C18:2,oh fa","38205-11-7","HMDB0029796",NA,"RPLC_543","(M-H)-",2.34631347765912,0.99560553449639,1.84369200000003,0.998113337439024,"NCE25",0.823715729883812,0.91028758292576,"Michael_Snyder_RPLC_20220424",1
"metabolomics_M295T664_NEG_RPLC",1,4,4,NA,NA,NA,NA,NA,NA,NA,NA,NA,295.264253781267,664.153106689453,0,0,"negative","RPLC","RPLC_negative",NA,NA,NA,NA,NA,NA,NA,NA,NA,NA,NA,NA,NA,NA,NA,NA,NA,NA,NA,NA,NA,NA,NA,NA,NA,NA,NA,NA,NA,NA,NA,NA,NA,NA,NA,NA,NA,"C19:1 fa",NA,NA,NA,NA,NA,NA,NA,"metabolomics","C19:1 fa","73033-09-7","HMDB0013622",NA,"RPLC_550","(M-H)-",0.878051757524645,0.999383410258516,10.7298,0.938042203610415,"NCE25",1,0.984356403467233,"Michael_Snyder_RPLC_20220424",1
"metabolomics_M299T588_NEG_RPLC",1,4,4,NA,NA,NA,NA,NA,NA,NA,NA,NA,299.201559622226,587.952026367188,0,0.0216450216450216,"negative","RPLC","RPLC_negative",NA,NA,NA,NA,NA,NA,NA,NA,NA,NA,NA,NA,NA,NA,NA,NA,NA,NA,NA,NA,NA,NA,NA,NA,NA,NA,NA,NA,NA,NA,NA,NA,NA,NA,NA,NA,NA,"Dehydroabietic acid",NA,NA,NA,NA,NA,NA,NA,"metabolomics","Dehydroabietic acid","1740-19-8","HMDB0061925","C12078","M0733","(M-H)-",1.06591796992461,0.999091468070394,NA,NA,"20",0.758710590793967,0.848853419772627,"METLIN_20220425",2
"metabolomics_M299T609_NEG_RPLC",0.990797907159723,4,4,NA,NA,NA,NA,NA,NA,NA,NA,NA,299.259147694467,609.251892089844,0,0,"negative","RPLC","RPLC_negative",NA,NA,NA,NA,NA,NA,NA,NA,NA,NA,NA,NA,NA,NA,NA,NA,NA,NA,NA,NA,NA,NA,NA,NA,NA,NA,NA,NA,NA,NA,NA,NA,NA,NA,NA,NA,NA,"C18:0,oh fa",NA,NA,NA,NA,NA,NA,NA,"metabolomics","C18:0,oh fa","26531-80-6","HMDB0010737","C03045","RPLC_537","(M-H)-",0.487670897513226,0.999809759774542,4.87818000000004,0.986866649448661,"NCE25",0.824662587001168,0.909000395806385,"Michael_Snyder_RPLC_20220424",1
"metabolomics_M303T629_NEG_RPLC",0.999999999999785,4,4,NA,NA,NA,NA,NA,NA,NA,NA,NA,303.23281748123,629.319519042969,0,0,"negative","RPLC","RPLC_negative",NA,NA,NA,NA,NA,NA,NA,NA,NA,NA,NA,NA,NA,NA,NA,NA,NA,NA,NA,NA,NA,NA,NA,NA,NA,NA,NA,NA,NA,NA,NA,NA,NA,NA,NA,NA,NA,"C20:4 fa",NA,NA,NA,NA,NA,NA,NA,"metabolomics","C20:4 fa","506-32-1","HMDB0001043","C00219","RPLC_827","(M-H)-",0.351868002468336,0.999900956032249,8.46263999999996,0.960994282201401,"NCE25",0.87799738529219,0.929222502204508,"Michael_Snyder_RPLC_20220424",1
"metabolomics_M305T643_NEG_RPLC",0.999999988415372,4,4,NA,NA,NA,NA,NA,NA,NA,NA,NA,305.248682109621,642.700958251953,0,0,"negative","RPLC","RPLC_negative",NA,NA,NA,NA,NA,NA,NA,NA,NA,NA,NA,NA,NA,NA,NA,NA,NA,NA,NA,NA,NA,NA,NA,NA,NA,NA,NA,NA,NA,NA,NA,NA,NA,NA,NA,NA,NA,"C20:3 fa",NA,NA,NA,NA,NA,NA,NA,"metabolomics","C20:3 fa","1783-84-2","HMDB0002925","C03242","RPLC_556","(M-H)-",1.75602299748334,0.997536146866876,5.53710000000001,0.983111199695561,"NCE25",1,0.995161836640609,"Michael_Snyder_RPLC_20220424",1
"metabolomics_M307T660_NEG_RPLC",0.99999999983638,4,4,NA,NA,NA,NA,NA,NA,NA,NA,NA,307.264466656875,659.827026367188,0,0,"negative","RPLC","RPLC_negative",NA,NA,NA,NA,NA,NA,NA,NA,NA,NA,NA,NA,NA,NA,NA,NA,NA,NA,NA,NA,NA,NA,NA,NA,NA,NA,NA,NA,NA,NA,NA,NA,NA,NA,NA,NA,NA,"C20:2 fa",NA,NA,NA,NA,NA,NA,NA,"metabolomics","C20:2 fa","5598-38-9","HMDB0005060","C16525","RPLC_554","(M-H)-",2.60698179999963,0.994577670900875,4.09559999999999,0.990724430768211,"NCE25",0.89541052850635,0.944030789670446,"Michael_Snyder_RPLC_20220424",1
"metabolomics_M309T682_NEG_RPLC",0.9999999999996,4,4,NA,NA,NA,NA,NA,NA,NA,NA,NA,309.280140958278,681.520446777344,0,0,"negative","RPLC","RPLC_negative",NA,NA,NA,NA,NA,NA,NA,NA,NA,NA,NA,NA,NA,NA,NA,NA,NA,NA,NA,NA,NA,NA,NA,NA,NA,NA,NA,NA,NA,NA,NA,NA,NA,NA,NA,NA,NA,"C20:1 fa",NA,NA,NA,NA,NA,NA,NA,"metabolomics","C20:1 fa","5561-99-9","HMDB0002231","C16526","RPLC_553","(M-H)-",2.48338492752964,0.995078390446403,4.38666000000001,0.989366502991984,"NCE25",0.797229973417903,0.894726210068548,"Michael_Snyder_RPLC_20220424",1
"metabolomics_M315T565_NEG_RPLC",0.999998299126638,4,4,NA,NA,NA,NA,NA,NA,NA,NA,NA,315.253984082,564.514923095703,0,0,"negative","RPLC","RPLC_negative",NA,NA,NA,NA,NA,NA,NA,NA,NA,NA,NA,NA,NA,NA,NA,NA,NA,NA,NA,NA,NA,NA,NA,NA,NA,NA,NA,NA,NA,NA,NA,NA,NA,NA,NA,NA,NA,"Mg(15:0)",NA,NA,NA,NA,NA,NA,NA,"metabolomics","Mg(15:0)",NA,"HMDB0011532",NA,"RPLC_621","(M-H)-",2.86499023502529,0.993454977341622,2.62797,0.99617055868293,"NCE25",0.835195631583243,0.915004199797759,"Michael_Snyder_RPLC_20220424",1
"metabolomics_M329T641_NEG_RPLC",0.999783929812227,4,4,NA,NA,NA,NA,NA,NA,NA,NA,NA,329.248730331847,640.758636474609,0,0,"negative","RPLC","RPLC_negative",NA,NA,NA,NA,NA,NA,NA,NA,NA,NA,NA,NA,NA,NA,NA,NA,NA,NA,NA,NA,NA,NA,NA,NA,NA,NA,NA,NA,NA,NA,NA,NA,NA,NA,NA,NA,NA,"C22:5 fa",NA,NA,NA,NA,NA,NA,NA,"metabolomics","C22:5 fa","24880-45-3","HMDB0006528","C16513","RPLC_566","(M-H)-",1.97033096000609,0.996899054620152,3.82637999999997,0.991899000336098,"NCE25",1,0.997199513739063,"Michael_Snyder_RPLC_20220424",1
"metabolomics_M331T428_NEG_RPLC",0.999992904784603,4,4,NA,NA,NA,NA,NA,NA,NA,NA,NA,331.176173340458,428.464370727539,0,0.0216450216450216,"negative","RPLC","RPLC_negative",NA,NA,NA,NA,NA,NA,NA,NA,NA,NA,NA,NA,NA,NA,NA,NA,NA,NA,NA,NA,NA,NA,NA,NA,NA,NA,NA,NA,NA,NA,NA,NA,NA,NA,NA,NA,NA,"Isoxaben",NA,NA,NA,NA,NA,NA,NA,"metabolomics","Isoxaben","82558-50-7","HMDB0253709","C18504","EQ360251","(M-H)-",24.2003800624957,0.625923752677272,NA,NA,"15 (nominal)",0.656585328420169,0.645087237516583,"MassBank_2022-04-27",2
"metabolomics_M331T654_NEG_RPLC",1,4,4,NA,NA,NA,NA,NA,NA,NA,NA,NA,331.264397214735,653.812530517578,0,0.00108225108225108,"negative","RPLC","RPLC_negative",NA,NA,NA,NA,NA,NA,NA,NA,NA,NA,NA,NA,NA,NA,NA,NA,NA,NA,NA,NA,NA,NA,NA,NA,NA,NA,NA,NA,NA,NA,NA,NA,NA,NA,NA,NA,NA,"C22:4 fa",NA,NA,NA,NA,NA,NA,NA,"metabolomics","C22:4 fa","28874-58-0","HMDB0002226","C16527","RPLC_565","(M-H)-",2.18868436746789,0.996175062372418,5.50152000000003,0.983325734741267,"NCE25",1,0.994875199278421,"Michael_Snyder_RPLC_20220424",1
"metabolomics_M333T672_NEG_RPLC",0.999999983759538,4,4,NA,NA,NA,NA,NA,NA,NA,NA,NA,333.279941307184,672.004211425781,0,0.00216450216450216,"negative","RPLC","RPLC_negative",NA,NA,NA,NA,NA,NA,NA,NA,NA,NA,NA,NA,NA,NA,NA,NA,NA,NA,NA,NA,NA,NA,NA,NA,NA,NA,NA,NA,NA,NA,NA,NA,NA,NA,NA,NA,NA,"C22:3 fa",NA,NA,NA,NA,NA,NA,NA,"metabolomics","C22:3 fa","28845-86-5","HMDB0002823",NA,"RPLC_564","(M-H)-",0.947653417568972,0.999281820414636,9.01350000000002,0.955868334102514,"NCE25",1,0.988787538629287,"Michael_Snyder_RPLC_20220424",1
"metabolomics_M335T835_NEG_RPLC",0.970817604959347,4,4,NA,NA,NA,NA,NA,NA,NA,NA,NA,335.04776233873,835.358489990234,0.132352941176471,0.0746753246753247,"negative","RPLC","RPLC_negative",NA,NA,NA,NA,NA,NA,NA,NA,NA,NA,NA,NA,NA,NA,NA,NA,NA,NA,NA,NA,NA,NA,NA,NA,NA,NA,NA,NA,NA,NA,NA,NA,NA,NA,NA,NA,NA,"Isorhamnetin",NA,NA,NA,NA,NA,NA,NA,"metabolomics","Isorhamnetin","480-19-3","HMDB0002655","C10084","HMDB0002655_4_shen","(M+F)-",24.4502925349366,0.619865075966023,NA,NA,"10",0.670706133132137,0.651640736694844,"HMDB_2022-04-11",2
"metabolomics_M347T621_NEG_RPLC",0.95400019278469,4,4,NA,NA,NA,NA,NA,NA,NA,NA,NA,347.258961423174,621.052032470703,0,0.0119047619047619,"negative","RPLC","RPLC_negative",NA,NA,NA,NA,NA,NA,NA,NA,NA,NA,NA,NA,NA,NA,NA,NA,NA,NA,NA,NA,NA,NA,NA,NA,NA,NA,NA,NA,NA,NA,NA,NA,NA,NA,NA,NA,NA,"6-pentadecyl Salicylic Acid",NA,NA,NA,NA,NA,NA,NA,"metabolomics","6-pentadecyl Salicylic Acid","16611-84-0","HMDB0029683","C10759","M1169","(M-H)-",1.45492643497391,0.998307984330317,NA,NA,"20",0.537110763695756,0.710059721433716,"METLIN_20220425",2
"metabolomics_M357T668_NEG_RPLC",0.999998721843795,4,4,NA,NA,NA,NA,NA,NA,NA,NA,NA,357.2800252548,667.806091308594,0,0.00216450216450216,"negative","RPLC","RPLC_negative",NA,NA,NA,NA,NA,NA,NA,NA,NA,NA,NA,NA,NA,NA,NA,NA,NA,NA,NA,NA,NA,NA,NA,NA,NA,NA,NA,NA,NA,NA,NA,NA,NA,NA,NA,NA,NA,"C24:5 fa",NA,NA,NA,NA,NA,NA,NA,"metabolomics","C24:5 fa",NA,"HMDB0006322",NA,"RPLC_568","(M-H)-",2.8527694999525,0.99351051320743,3.05826000000002,0.994817390619764,"NCE25",0.697005485094829,0.845584718504213,"Michael_Snyder_RPLC_20220424",1
"metabolomics_M471T614_NEG_RPLC",0.999432200530863,4,4,NA,NA,NA,NA,NA,NA,NA,NA,NA,471.241814940425,614.186218261719,0.0514705882352941,0.0746753246753247,"negative","RPLC","RPLC_negative",NA,NA,NA,NA,NA,NA,NA,NA,NA,NA,NA,NA,NA,NA,NA,NA,NA,NA,NA,NA,NA,NA,NA,NA,NA,NA,NA,NA,NA,NA,NA,NA,NA,NA,NA,NA,NA,"Chenodeoxycholic acid 3-sulfate",NA,NA,NA,NA,NA,NA,NA,"metabolomics","Chenodeoxycholic acid 3-sulfate","59132-32-0","HMDB0002586",NA,"NU000797","(M-H)-",2.18592467201778,0.99618468354829,NA,NA,"Unknown_1",0.697578779548024,0.809555993548124,"MassBank_2022-04-27",2
"metabolomics_M607T424_NEG_RPLC",0.999865155846109,4,4,NA,NA,NA,NA,NA,NA,NA,NA,NA,607.265798884915,423.874328613281,0,0,"negative","RPLC","RPLC_negative",NA,NA,NA,NA,NA,NA,NA,NA,NA,NA,NA,NA,NA,NA,NA,NA,NA,NA,NA,NA,NA,NA,NA,NA,NA,NA,NA,NA,NA,NA,NA,NA,NA,NA,NA,NA,NA,"Reserpine",NA,NA,NA,NA,NA,NA,NA,"metabolomics","Reserpine","50-55-5","HMDB0014351","C06539","HMDB0014351_32_shen","(M-H)-",0.364190972271534,0.999893897577833,NA,NA,"20",0.705886448451066,0.816139241873604,"HMDB_2022-04-11",2
"metabolomics_M102T630_POS_HILIC",0.999999999956565,4,4,NA,NA,NA,NA,NA,NA,NA,NA,NA,102.054478681631,629.623,0.187878787878788,0.181818181818182,"positive","RPLC","HILIC_positive",NA,NA,NA,NA,NA,NA,NA,NA,NA,NA,NA,NA,NA,NA,NA,NA,NA,NA,NA,NA,NA,NA,NA,NA,NA,NA,NA,NA,NA,NA,NA,NA,NA,NA,NA,NA,NA,"4-Amino-3-hydroxybutyrate",NA,NA,NA,NA,NA,NA,NA,"metabolomics","4-Amino-3-hydroxybutyrate",NA,"HMDB0061877","C03678","HMDB0061877_10_shen","(M+H-H2O)+",0.326833275003935,0.999914547659539,NA,NA,"10",0.549039374796886,0.718117564620381,"HMDB_2022-04-11",2
"metabolomics_M114T688_POS_HILIC",0.999997907878324,4,4,NA,NA,NA,NA,NA,NA,NA,NA,NA,114.054693270759,688.399,0,0.00324675324675325,"positive","RPLC","HILIC_positive",NA,NA,NA,NA,NA,NA,NA,NA,NA,NA,NA,NA,NA,NA,NA,NA,NA,NA,NA,NA,NA,NA,NA,NA,NA,NA,NA,NA,NA,NA,NA,NA,NA,NA,NA,NA,NA,"5-Aminolevulinic acid",NA,NA,NA,NA,NA,NA,NA,"metabolomics","5-Aminolevulinic acid","106-60-5{}5451-09-2","HMDB0001149","C00430","L0316","(M+H-H2O)+",0.104786029950787,0.999991215948922,NA,NA,"20",0.65690326357917,0.785561245717827,"NIST_20220425",2
"metabolomics_M124T64_POS_HILIC",0.999999999996147,4,4,NA,NA,NA,NA,NA,NA,NA,NA,NA,124.075732101519,64.0908,0.00606060606060606,0.00649350649350649,"positive","RPLC","HILIC_positive",NA,NA,NA,NA,NA,NA,NA,NA,NA,NA,NA,NA,NA,NA,NA,NA,NA,NA,NA,NA,NA,NA,NA,NA,NA,NA,NA,NA,NA,NA,NA,NA,NA,NA,NA,NA,NA,"p-Anisidine",NA,NA,NA,NA,NA,NA,NA,"metabolomics","p-Anisidine","104-94-9","HMDB0029300","C19326","LU014602","(M+H)+",1.88540649499913,0.997160233665156,NA,NA,"30",0.594677652523501,0.745608620451621,"MassBank_2022-04-27",2
"metabolomics_M130T402_POS_HILIC",0.999999845909976,4,4,NA,NA,NA,NA,NA,NA,NA,NA,NA,130.086203624305,402.29,0,0.00108225108225108,"positive","RPLC","HILIC_positive",NA,NA,NA,NA,NA,NA,NA,NA,NA,NA,NA,NA,NA,NA,NA,NA,NA,NA,NA,NA,NA,NA,NA,NA,NA,NA,NA,NA,NA,NA,NA,NA,NA,NA,NA,NA,NA,"N-methylproline",NA,NA,NA,NA,NA,NA,NA,"metabolomics","N-methylproline","475-11-6","HMDB0094696",NA,"HILIC_648","(M+H)+",1.15216064507706,0.998938584378825,4.40677199999999,0.989269300582128,"NCE25",0.994779180928903,0.99444156170469,"Michael_Snyder_HILIC_20220424",1
"metabolomics_M142T98_POS_HILIC",0.738914727830843,4,4,NA,NA,NA,NA,NA,NA,NA,NA,NA,142.122697520838,98.3655,0.0666666666666667,0.242424242424242,"positive","RPLC","HILIC_positive",NA,NA,NA,NA,NA,NA,NA,NA,NA,NA,NA,NA,NA,NA,NA,NA,NA,NA,NA,NA,NA,NA,NA,NA,NA,NA,NA,NA,NA,NA,NA,NA,NA,NA,NA,NA,NA,"Pelletierine",NA,NA,NA,NA,NA,NA,NA,"metabolomics","Pelletierine","911650","HMDB0030325","C06182","M0915","(M+H)+",0.527760389985588,0.999777200000217,NA,NA,"20",0.69015998952295,0.806266443451925,"METLIN_20220425",2
"metabolomics_M143T631_POS_HILIC",0.999810968850246,4,4,NA,NA,NA,NA,NA,NA,NA,NA,NA,143.081453174415,630.5655,0.0606060606060606,0.111471861471861,"positive","RPLC","HILIC_positive",NA,NA,NA,NA,NA,NA,NA,NA,NA,NA,NA,NA,NA,NA,NA,NA,NA,NA,NA,NA,NA,NA,NA,NA,NA,NA,NA,NA,NA,NA,NA,NA,NA,NA,NA,NA,NA,"Daminozide",NA,NA,NA,NA,NA,NA,NA,"metabolomics","Daminozide",NA,"HMDB0250838","C10996","HMDB0250838_8_shen","(M+H-H2O)+",0.120670742518314,0.999988350925371,NA,NA,"30",0.618842482862876,0.761772183386311,"HMDB_2022-04-11",2
"metabolomics_M144T407_1_POS_HILIC",0.883589517695061,4,4,NA,NA,NA,NA,NA,NA,NA,NA,NA,144.045617977111,406.64,0,0.0303030303030303,"positive","RPLC","HILIC_positive",NA,NA,NA,NA,NA,NA,NA,NA,NA,NA,NA,NA,NA,NA,NA,NA,NA,NA,NA,NA,NA,NA,NA,NA,NA,NA,NA,NA,NA,NA,NA,NA,NA,NA,NA,NA,NA,"5-(2-Hydroxyethyl)-4-methylthiazole",NA,NA,NA,NA,NA,NA,NA,"metabolomics","5-(2-Hydroxyethyl)-4-methylthiazole","137-00-8","HMDB0032985","C04294","KO003342","(M+H)+",6.87828369244414,0.96285867850777,NA,NA,"10 V",0.845709455773749,0.889640414299007,"MassBank_2022-04-27",2
"metabolomics_M144T407_2_POS_HILIC",0.999959740545594,4,4,NA,NA,NA,NA,NA,NA,NA,NA,NA,144.101588868009,406.826,0,0,"positive","RPLC","HILIC_positive",NA,NA,NA,NA,NA,NA,NA,NA,NA,NA,NA,NA,NA,NA,NA,NA,NA,NA,NA,NA,NA,NA,NA,NA,NA,NA,NA,NA,NA,NA,NA,NA,NA,NA,NA,NA,NA,"Proline betaine",NA,NA,NA,NA,NA,NA,NA,"metabolomics","Proline betaine","471-87-4","HMDB0004827","C10172","HILIC_734","(M+H)+",1.63594813756163,0.997861229389224,21.01038,0.782514943318125,"NCE35",0.998049840266976,0.944118963310325,"Michael_Snyder_HILIC_20220424",1
"metabolomics_M148T335_POS_HILIC",1,4,4,NA,NA,NA,NA,NA,NA,NA,NA,NA,148.11192494641,335.348,0.0363636363636364,0.0670995670995671,"positive","RPLC","HILIC_positive",NA,NA,NA,NA,NA,NA,NA,NA,NA,NA,NA,NA,NA,NA,NA,NA,NA,NA,NA,NA,NA,NA,NA,NA,NA,NA,NA,NA,NA,NA,NA,NA,NA,NA,NA,NA,NA,"Pseudoephedrine",NA,NA,NA,NA,NA,NA,NA,"metabolomics","Pseudoephedrine","90-82-4","HMDB0001943","C02765","M0198","(M+H-H2O)+",0.187365159973751,0.99997191583183,NA,NA,"20",0.72430983987299,0.827683118357555,"METLIN_20220425",2
"metabolomics_M168T112_POS_HILIC",0.999999999999991,4,4,NA,NA,NA,NA,NA,NA,NA,NA,NA,168.063183912369,111.955,0.127272727272727,0.272727272727273,"positive","RPLC","HILIC_positive",NA,NA,NA,NA,NA,NA,NA,NA,NA,NA,NA,NA,NA,NA,NA,NA,NA,NA,NA,NA,NA,NA,NA,NA,NA,NA,NA,NA,NA,NA,NA,NA,NA,NA,NA,NA,NA,"Pyridoxal",NA,NA,NA,NA,NA,NA,NA,"metabolomics","Pyridoxal","66-72-8","HMDB0001545","C00250","BML82022","(M+H)+",5.80692975745478,0.973384265132114,NA,NA,"Unknown_1",0.679816147730331,0.789904191755999,"MassBank_2022-04-27",2
"metabolomics_M173T570_POS_HILIC",0.999999944545761,4,4,NA,NA,NA,NA,NA,NA,NA,NA,NA,173.029588916575,569.9965,0.00606060606060606,0.0183982683982684,"positive","RPLC","HILIC_positive",NA,NA,NA,NA,NA,NA,NA,NA,NA,NA,NA,NA,NA,NA,NA,NA,NA,NA,NA,NA,NA,NA,NA,NA,NA,NA,NA,NA,NA,NA,NA,NA,NA,NA,NA,NA,NA,"p-Toluenesulfonic acid",NA,NA,NA,NA,NA,NA,NA,"metabolomics","p-Toluenesulfonic acid","104-15-4","HMDB0059933","C06677","EQ396501","(M+H)+",7.63659668002958,0.954417485832984,NA,NA,"15 % (nominal)",0.636696062556975,0.755841596285479,"MassBank_2022-04-27",2
"metabolomics_M186T472_POS_HILIC",0.999999336131828,4,4,NA,NA,NA,NA,NA,NA,NA,NA,NA,186.112274666454,471.962,0.0181818181818182,0.0119047619047619,"positive","RPLC","HILIC_positive",NA,NA,NA,NA,NA,NA,NA,NA,NA,NA,NA,NA,NA,NA,NA,NA,NA,NA,NA,NA,NA,NA,NA,NA,NA,NA,NA,NA,NA,NA,NA,NA,NA,NA,NA,NA,NA,"Ecgonine",NA,NA,NA,NA,NA,NA,NA,"metabolomics","Ecgonine","481-37-8","HMDB0006548","C10858","FiehnHILIC000329","(M+H)+",0.31443330492209,0.999920908485303,NA,NA,"HCD (NCE 20-30-40%)",0.753501396419574,0.845908713444222,"MoNA_2022-04-27",2
"metabolomics_M189T869_POS_HILIC",0.999997192683127,4,4,NA,NA,NA,NA,NA,NA,NA,NA,NA,189.13444013697,869.1085,0,0,"positive","RPLC","HILIC_positive",NA,NA,NA,NA,NA,NA,NA,NA,NA,NA,NA,NA,NA,NA,NA,NA,NA,NA,NA,NA,NA,NA,NA,NA,NA,NA,NA,NA,NA,NA,NA,NA,NA,NA,NA,NA,NA,"Homoarginine",NA,NA,NA,NA,NA,NA,NA,"metabolomics","Homoarginine","156-86-5","HMDB0000670","C01924","HILIC_667","(M+H)+",1.20604118500012,0.998837048480923,3.04985999999997,0.994845747855918,"NCE25",0.95720579583548,0.97702359700195,"Michael_Snyder_HILIC_20220424",1
"metabolomics_M191T968_POS_HILIC",0.999999855156912,4,4,NA,NA,NA,NA,NA,NA,NA,NA,NA,191.076477525164,967.815,0,0.00108225108225108,"positive","RPLC","HILIC_positive",NA,NA,NA,NA,NA,NA,NA,NA,NA,NA,NA,NA,NA,NA,NA,NA,NA,NA,NA,NA,NA,NA,NA,NA,NA,NA,NA,NA,NA,NA,NA,NA,NA,NA,NA,NA,NA,"3-(3,4-Dimethoxyphenyl)-2-propenoic acid",NA,NA,NA,NA,NA,NA,NA,"metabolomics","3-(3,4-Dimethoxyphenyl)-2-propenoic acid","2316-26-9","HMDB0034315",NA,"n00831","(M+H-H2O)+",16.046745477496,0.813834352101038,NA,NA,"20",0.740924065959546,0.768265423262605,"NIST_20220425",2
"metabolomics_M233T873_POS_HILIC",0.999846567764355,4,4,NA,NA,NA,NA,NA,NA,NA,NA,NA,233.098089356623,872.5875,0.139393939393939,0.143939393939394,"positive","RPLC","HILIC_positive",NA,NA,NA,NA,NA,NA,NA,NA,NA,NA,NA,NA,NA,NA,NA,NA,NA,NA,NA,NA,NA,NA,NA,NA,NA,NA,NA,NA,NA,NA,NA,NA,NA,NA,NA,NA,NA,"Nalidixic Acid",NA,NA,NA,NA,NA,NA,NA,"metabolomics","Nalidixic Acid","389-08-2","HMDB0014917","C05079","HMDB0014917_4_shen","(M+H)+",15.6647357425044,0.821759786880397,NA,NA,"15",0.733150413089589,0.766378928261142,"HMDB_2022-04-11",2
"metabolomics_M280T482_POS_HILIC",0.975137853956729,4,4,NA,NA,NA,NA,NA,NA,NA,NA,NA,280.138182325601,481.6515,0,0.0357142857142857,"positive","RPLC","HILIC_positive",NA,NA,NA,NA,NA,NA,NA,NA,NA,NA,NA,NA,NA,NA,NA,NA,NA,NA,NA,NA,NA,NA,NA,NA,NA,NA,NA,NA,NA,NA,NA,NA,NA,NA,NA,NA,NA,"N-(1-deoxy-1-fructosyl)valine",NA,NA,NA,NA,NA,NA,NA,"metabolomics","N-(1-deoxy-1-fructosyl)valine",NA,"HMDB0037844",NA,"HILIC_681","(M+H)+",2.01330566511615,0.996762532176386,3.59899200000001,0.99282986042531,"NCE25",0.907470768773053,0.95113348253695,"Michael_Snyder_HILIC_20220424",1
"metabolomics_M281T59_2_POS_HILIC",0.999999966685469,4,4,NA,NA,NA,NA,NA,NA,NA,NA,NA,281.24684499856,59.4508,0.133333333333333,0.121212121212121,"positive","RPLC","HILIC_positive",NA,NA,NA,NA,NA,NA,NA,NA,NA,NA,NA,NA,NA,NA,NA,NA,NA,NA,NA,NA,NA,NA,NA,NA,NA,NA,NA,NA,NA,NA,NA,NA,NA,NA,NA,NA,NA,"C18:2 fa",NA,NA,NA,NA,NA,NA,NA,"metabolomics","C18:2 fa","60-33-3","HMDB0000673","C01595","HILIC_576","(M+H)+",3.0024020375663,0.992814406323108,5.542332,0.983079539880241,"NCE35",0.834937514728702,0.911442243915189,"Michael_Snyder_HILIC_20220424",1
"metabolomics_M282T88_POS_HILIC",0.999999999999997,4,4,NA,NA,NA,NA,NA,NA,NA,NA,NA,282.118816484666,87.8882,0.193939393939394,0.260822510822511,"positive","RPLC","HILIC_positive",NA,NA,NA,NA,NA,NA,NA,NA,NA,NA,NA,NA,NA,NA,NA,NA,NA,NA,NA,NA,NA,NA,NA,NA,NA,NA,NA,NA,NA,NA,NA,NA,NA,NA,NA,NA,NA,"1-Methyladenosine",NA,NA,NA,NA,NA,NA,NA,"metabolomics","1-Methyladenosine","15763-06-1","HMDB0003331","C02494","M1532","(M+H)+",1.39843749991542,0.998436721242264,NA,NA,"30",0.732707216078001,0.8323557805146,"METLIN_20220425",2
"metabolomics_M314T731_POS_HILIC",0.999999988034133,4,4,NA,NA,NA,NA,NA,NA,NA,NA,NA,314.110585271731,730.595,0.0363636363636364,0.0216450216450216,"positive","RPLC","HILIC_positive",NA,NA,NA,NA,NA,NA,NA,NA,NA,NA,NA,NA,NA,NA,NA,NA,NA,NA,NA,NA,NA,NA,NA,NA,NA,NA,NA,NA,NA,NA,NA,NA,NA,NA,NA,NA,NA,"Amoxapine",NA,NA,NA,NA,NA,NA,NA,"metabolomics","Amoxapine","14028-44-5","HMDB0014683",NA,"LU090201","(M+H)+",12.5866699224275,0.880963214839439,NA,NA,"15",0.597004956653961,0.703489303473515,"MassBank_2022-04-27",2
"metabolomics_M415T62_POS_HILIC",0.999999975121559,4,4,NA,NA,NA,NA,NA,NA,NA,NA,NA,415.221791704887,61.5199,0,0.00108225108225108,"positive","RPLC","HILIC_positive",NA,NA,NA,NA,NA,NA,NA,NA,NA,NA,NA,NA,NA,NA,NA,NA,NA,NA,NA,NA,NA,NA,NA,NA,NA,NA,NA,NA,NA,NA,NA,NA,NA,NA,NA,NA,NA,"Desacetylvindoline",NA,NA,NA,NA,NA,NA,NA,"metabolomics","Desacetylvindoline","3633-92-9",NA,"C01091","M1430","(M+H)+",1.35826122033461,0.998525189768931,NA,NA,"20",0.702040079355765,0.813221995760702,"METLIN_20220425",2
"metabolomics_M562T354_POS_HILIC",0.999999997467721,4,4,NA,NA,NA,NA,NA,NA,NA,NA,NA,562.325323847937,353.526,0.0909090909090909,0.0627705627705628,"positive","RPLC","HILIC_positive",NA,NA,NA,NA,NA,NA,NA,NA,NA,NA,NA,NA,NA,NA,NA,NA,NA,NA,NA,NA,NA,NA,NA,NA,NA,NA,NA,NA,NA,NA,NA,NA,NA,NA,NA,NA,NA,"LysoPC(0:0/18:0)",NA,NA,NA,NA,NA,NA,NA,"metabolomics","LysoPC(0:0/18:0)","4421-58-3","HMDB0011128",NA,"EMBL-MCF_spec324696","(M+K)+",2.74168113251691,0.994004592270374,NA,NA,"20.0 eV",0.805515759560939,0.876199071826977,"MoNA_2022-04-27",2
"metabolomics_M568T369_POS_HILIC",0.989251070771001,4,4,NA,NA,NA,NA,NA,NA,NA,NA,NA,568.323044362816,369.299,0.0909090909090909,0.242424242424242,"positive","RPLC","HILIC_positive",NA,NA,NA,NA,NA,NA,NA,NA,NA,NA,NA,NA,NA,NA,NA,NA,NA,NA,NA,NA,NA,NA,NA,NA,NA,NA,NA,NA,NA,NA,NA,NA,NA,NA,NA,NA,NA,"LysoPC(18:0/0:0)",NA,NA,NA,NA,NA,NA,NA,"metabolomics","LysoPC(18:0/0:0)","19420-57-6","HMDB0010384","C04230","HMDB0010384_1_shen","(M-H+2Na)+",19.020503308665,0.748694963402392,NA,NA,"40",0.691862298628012,0.713174547918405,"HMDB_2022-04-11",2
"metabolomics_M585T298_POS_HILIC",0.999900619346854,4,4,NA,NA,NA,NA,NA,NA,NA,NA,NA,585.269650270963,298.3535,0.193939393939394,0.25,"positive","RPLC","HILIC_positive",NA,NA,NA,NA,NA,NA,NA,NA,NA,NA,NA,NA,NA,NA,NA,NA,NA,NA,NA,NA,NA,NA,NA,NA,NA,NA,NA,NA,NA,NA,NA,NA,NA,NA,NA,NA,NA,"Bilirubin",NA,NA,NA,NA,NA,NA,NA,"metabolomics","Bilirubin","635-65-4","HMDB0000054","C00486","HILIC_483","(M+H)+",1.78815696573231,0.997445264637753,2.37555600000002,0.996869761494861,"NCE25",0.972888197271247,0.985022855168777,"Michael_Snyder_HILIC_20220424",1
"metabolomics_M632T391_POS_HILIC",0.740761285150006,4,4,NA,NA,NA,NA,NA,NA,NA,NA,NA,631.801470844847,391.319,0.0666666666666667,0.102813852813853,"positive","RPLC","HILIC_positive",NA,NA,NA,NA,NA,NA,NA,NA,NA,NA,NA,NA,NA,NA,NA,NA,NA,NA,NA,NA,NA,NA,NA,NA,NA,NA,NA,NA,NA,NA,NA,NA,NA,NA,NA,NA,NA,"Diatrizoate",NA,NA,NA,NA,NA,NA,NA,"metabolomics","Diatrizoate","117-96-4","HMDB0014416",NA,"HMDB0014416_19_shen","(M+NH4)+",2.81612622626166,0.99367563001206,NA,NA,"Unknown_10",0.959131103060659,0.972085300667434,"HMDB_2022-04-11",2
"metabolomics_M109T60_NEG_HILIC",0.999989066325499,4,4,NA,NA,NA,NA,NA,NA,NA,NA,NA,109.029565675897,59.7483,0,0.192640692640693,"negative","RPLC","HILIC_negative",NA,NA,NA,NA,NA,NA,NA,NA,NA,NA,NA,NA,NA,NA,NA,NA,NA,NA,NA,NA,NA,NA,NA,NA,NA,NA,NA,NA,NA,NA,NA,NA,NA,NA,NA,NA,NA,"1,4-Dihydroxybenzene",NA,NA,NA,NA,NA,NA,NA,"metabolomics","1,4-Dihydroxybenzene","123-31-9","HMDB0002434","C00530","S0324","(M-H)-",0.193952607467907,0.999969906361668,NA,NA,"10",0.870835734492015,0.919261048943135,"NIST_20220425",2
"metabolomics_M125T98_NEG_HILIC",0.997008329136559,4,4,NA,NA,NA,NA,NA,NA,NA,NA,NA,124.991492295354,97.7706,0,0.0183982683982684,"negative","RPLC","HILIC_negative",NA,NA,NA,NA,NA,NA,NA,NA,NA,NA,NA,NA,NA,NA,NA,NA,NA,NA,NA,NA,NA,NA,NA,NA,NA,NA,NA,NA,NA,NA,NA,NA,NA,NA,NA,NA,NA,"2-Hydroxyethanesulfonate",NA,NA,NA,NA,NA,NA,NA,"metabolomics","2-Hydroxyethanesulfonate","107-36-8","HMDB0003903","C05123","HMDB0003903_3_shen","(M-H)-",0.0557559074820801,0.999997513026117,NA,NA,"10",0.84477883577714,0.902985839745507,"HMDB_2022-04-11",2
"metabolomics_M145T236_NEG_HILIC",0.996905996351121,4,4,NA,NA,NA,NA,NA,NA,NA,NA,NA,145.050542479338,236.192,0.157575757575758,0.225108225108225,"negative","RPLC","HILIC_negative",NA,NA,NA,NA,NA,NA,NA,NA,NA,NA,NA,NA,NA,NA,NA,NA,NA,NA,NA,NA,NA,NA,NA,NA,NA,NA,NA,NA,NA,NA,NA,NA,NA,NA,NA,NA,NA,"2-Methylglutaric acid",NA,NA,NA,NA,NA,NA,NA,"metabolomics","2-Methylglutaric acid","617-62-9","HMDB0000422",NA,"HMDB0000422_4_shen","(M-H)-",0.33183445253826,0.99991191259681,NA,NA,"35",0.529893246418192,0.706150246235174,"HMDB_2022-04-11",2
"metabolomics_M145T575_NEG_HILIC",0.992923778766792,4,4,NA,NA,NA,NA,NA,NA,NA,NA,NA,145.061621210496,574.823,0,0,"negative","RPLC","HILIC_negative",NA,NA,NA,NA,NA,NA,NA,NA,NA,NA,NA,NA,NA,NA,NA,NA,NA,NA,NA,NA,NA,NA,NA,NA,NA,NA,NA,NA,NA,NA,NA,NA,NA,NA,NA,NA,NA,"L-Glutamine",NA,NA,NA,NA,NA,NA,NA,"metabolomics","L-Glutamine","56-85-9","HMDB0000641","C00064","S0055","(M-H)-",0.448083495072638,0.999839389844347,NA,NA,"20",0.739467310331964,0.837106840149108,"NIST_20220425",2
"metabolomics_M146T310_NEG_HILIC",0.999999999994495,4,4,NA,NA,NA,NA,NA,NA,NA,NA,NA,146.028025916709,309.873,0,0.00108225108225108,"negative","RPLC","HILIC_negative",NA,NA,NA,NA,NA,NA,NA,NA,NA,NA,NA,NA,NA,NA,NA,NA,NA,NA,NA,NA,NA,NA,NA,NA,NA,NA,NA,NA,NA,NA,NA,NA,NA,NA,NA,NA,NA,"Phthalimide",NA,NA,NA,NA,NA,NA,NA,"metabolomics","Phthalimide",NA,"HMDB0256502",NA,"HMDB0256502_2_shen","(M-H)-",8.21682929746714,0.947419764419219,NA,NA,"35",0.687599363120075,0.785032013607254,"HMDB_2022-04-11",2
"metabolomics_M171T552_NEG_HILIC",0.976350108876141,4,4,NA,NA,NA,NA,NA,NA,NA,NA,NA,171.006096028175,551.703,0.0363636363636364,0.066017316017316,"negative","RPLC","HILIC_negative",NA,NA,NA,NA,NA,NA,NA,NA,NA,NA,NA,NA,NA,NA,NA,NA,NA,NA,NA,NA,NA,NA,NA,NA,NA,NA,NA,NA,NA,NA,NA,NA,NA,NA,NA,NA,NA,"Glycerol 3-phosphate",NA,NA,NA,NA,NA,NA,NA,"metabolomics","Glycerol 3-phosphate","57-03-4","HMDB0000126","C00093","HMDB0000126_22_shen","(M-H)-",1.13530461007372,0.998969398189086,NA,NA,"Unknown_15",0.737616093487903,0.835623582750847,"HMDB_2022-04-11",2
"metabolomics_M182T81_NEG_HILIC",0.99999999999903,4,4,NA,NA,NA,NA,NA,NA,NA,NA,NA,181.991584130636,81.04155,0.157575757575758,0.281385281385281,"negative","RPLC","HILIC_negative",NA,NA,NA,NA,NA,NA,NA,NA,NA,NA,NA,NA,NA,NA,NA,NA,NA,NA,NA,NA,NA,NA,NA,NA,NA,NA,NA,NA,NA,NA,NA,NA,NA,NA,NA,NA,NA,"Saccharin",NA,NA,NA,NA,NA,NA,NA,"metabolomics","Saccharin","81-07-2","HMDB0029723","C12283","SM867051","(M-H)-",0.154541015007226,0.999980893842269,NA,NA,"35  (nominal)",0.63300480419082,0.770620837810113,"MassBank_2022-04-27",2
"metabolomics_M187T364_NEG_HILIC",0.995377869368844,4,4,NA,NA,NA,NA,NA,NA,NA,NA,NA,187.041761808565,364.229,0.0181818181818182,0.0270562770562771,"negative","RPLC","HILIC_negative",NA,NA,NA,NA,NA,NA,NA,NA,NA,NA,NA,NA,NA,NA,NA,NA,NA,NA,NA,NA,NA,NA,NA,NA,NA,NA,NA,NA,NA,NA,NA,NA,NA,NA,NA,NA,NA,"Plumbagin",NA,NA,NA,NA,NA,NA,NA,"metabolomics","Plumbagin","481-42-5","HMDB0256646","C10387","BML81983","(M-H)-",4.14567626997098,0.986344784593414,NA,NA,"Unknown_1",0.645748031795187,0.773471814094522,"MassBank_2022-04-27",2
"metabolomics_M189T60_NEG_HILIC",0.997017067552767,4,4,NA,NA,NA,NA,NA,NA,NA,NA,NA,188.986436072308,60.0523,0.00606060606060606,0.0292207792207792,"negative","RPLC","HILIC_negative",NA,NA,NA,NA,NA,NA,NA,NA,NA,NA,NA,NA,NA,NA,NA,NA,NA,NA,NA,NA,NA,NA,NA,NA,NA,NA,NA,NA,NA,NA,NA,NA,NA,NA,NA,NA,NA,"Catechol sulfate",NA,NA,NA,NA,NA,NA,NA,"metabolomics","Catechol sulfate","4918-96-1","HMDB0059724",NA,"RPLC_911","(M-H)-",1.05647295754352,0.999107490435786,21.884955,0.766374725751345,"NCE25",0.892152315341598,0.887446711717582,"Michael_Snyder_RPLC_20220424",1
"metabolomics_M201T353_NEG_HILIC",0.821016886374367,4,4,NA,NA,NA,NA,NA,NA,NA,NA,NA,201.037877646449,353.116,0,0,"negative","RPLC","HILIC_negative",NA,NA,NA,NA,NA,NA,NA,NA,NA,NA,NA,NA,NA,NA,NA,NA,NA,NA,NA,NA,NA,NA,NA,NA,NA,NA,NA,NA,NA,NA,NA,NA,NA,NA,NA,NA,NA,"D-Fructose",NA,NA,NA,NA,NA,NA,NA,"metabolomics","D-Fructose","53188-23-1","HMDB0000660","C02336","RP023511","(M+Na-2H)-",0.362617777440732,0.999894812210611,NA,NA,"10",0.769748151744766,0.856053149419458,"MassBank_2022-04-27",2
"metabolomics_M203T60_NEG_HILIC",0.999970507505758,4,4,NA,NA,NA,NA,NA,NA,NA,NA,NA,203.001827539987,60.3622,0,0.0811688311688312,"negative","RPLC","HILIC_negative",NA,NA,NA,NA,NA,NA,NA,NA,NA,NA,NA,NA,NA,NA,NA,NA,NA,NA,NA,NA,NA,NA,NA,NA,NA,NA,NA,NA,NA,NA,NA,NA,NA,NA,NA,NA,NA,"O-methoxycatechol-O-sulphate",NA,NA,NA,NA,NA,NA,NA,"metabolomics","O-methoxycatechol-O-sulphate",NA,"HMDB0060013",NA,"HMDB0060013_2_shen","(M-H)-",0.341535602501608,0.999906687099699,NA,NA,"10",0.970085104556189,0.981268198010005,"HMDB_2022-04-11",2
"metabolomics_M221T463_NEG_HILIC",0.999898970295121,4,4,NA,NA,NA,NA,NA,NA,NA,NA,NA,221.066502652918,463.308,0,0.192640692640693,"negative","RPLC","HILIC_negative",NA,NA,NA,NA,NA,NA,NA,NA,NA,NA,NA,NA,NA,NA,NA,NA,NA,NA,NA,NA,NA,NA,NA,NA,NA,NA,NA,NA,NA,NA,NA,NA,NA,NA,NA,NA,NA,"Ethyl glucuronide",NA,NA,NA,NA,NA,NA,NA,"metabolomics","Ethyl glucuronide","17685-04-0","HMDB0010325",NA,"L0215","(M-H)-",0.901403807560541,0.999350188159793,NA,NA,"20",0.599895598455056,0.749691069594333,"NIST_20220425",2
"metabolomics_M231T515_NEG_HILIC",0.881142164694522,4,4,NA,NA,NA,NA,NA,NA,NA,NA,NA,230.997005455556,515.053,0.0121212121212121,0.0313852813852814,"negative","RPLC","HILIC_negative",NA,NA,NA,NA,NA,NA,NA,NA,NA,NA,NA,NA,NA,NA,NA,NA,NA,NA,NA,NA,NA,NA,NA,NA,NA,NA,NA,NA,NA,NA,NA,NA,NA,NA,NA,NA,NA,"2-[3-(sulfooxy)phenyl]acetic acid",NA,NA,NA,NA,NA,NA,NA,"metabolomics","2-[3-(sulfooxy)phenyl]acetic acid",NA,"HMDB0125163",NA,"HMDB0125163_shen","(M-H)-",0.502067012533303,0.999798363303352,NA,NA,"10",0.876463634023908,0.9227141575037,"HMDB_2022-04-11",2
"metabolomics_M313T631_NEG_HILIC",0.999999999939256,4,4,NA,NA,NA,NA,NA,NA,NA,NA,NA,313.052549552385,630.884,0,0.00324675324675325,"negative","RPLC","HILIC_negative",NA,NA,NA,NA,NA,NA,NA,NA,NA,NA,NA,NA,NA,NA,NA,NA,NA,NA,NA,NA,NA,NA,NA,NA,NA,NA,NA,NA,NA,NA,NA,NA,NA,NA,NA,NA,NA,"Rofecoxib",NA,NA,NA,NA,NA,NA,NA,"metabolomics","Rofecoxib","162011-90-7",NA,"C07590","M0877","(M-H)-",3.55071082509539,0.989964655614051,NA,NA,"20",0.518641354527296,0.695387592434829,"METLIN_20220425",2
"metabolomics_M316T631_NEG_HILIC",0.999919931658944,4,4,NA,NA,NA,NA,NA,NA,NA,NA,NA,316.052871914122,630.775,0,0.00324675324675325,"negative","RPLC","HILIC_negative",NA,NA,NA,NA,NA,NA,NA,NA,NA,NA,NA,NA,NA,NA,NA,NA,NA,NA,NA,NA,NA,NA,NA,NA,NA,NA,NA,NA,NA,NA,NA,NA,NA,NA,NA,NA,NA,"Nilutamide",NA,NA,NA,NA,NA,NA,NA,"metabolomics","Nilutamide","63612-50-0","HMDB0014803","C08164","LU027951","(M-H)-",5.68745356744671,0.974454255674705,NA,NA,"15",0.532492391611555,0.698228090635236,"MassBank_2022-04-27",2
